Received Timestamp (ns),Sent Timestamp (ns),Difference (ns)
1730382027411075300,1730382026079481271,1331594029
1730382027421750600,1730382026089749211,1332001389
1730382027431309800,1730382026099921832,1331387968
1730382027441819100,1730382026110056257,1331762843
1730382027451578800,1730382026120197025,1331381775
1730382027461610500,1730382026130314087,1331296413
1730382027471998000,1730382026140429342,1331568658
1730382027482491800,1730382026150543443,1331948357
1730382027491976100,1730382026160659927,1331316173
1730382027502979900,1730382026170786795,1332193105
1730382027512826200,1730382026180904710,1331921490
1730382027522843000,1730382026191026125,1331816875
1730382027532965000,1730382026201139463,1331825537
1730382027542999500,1730382026211253217,1331746283
1730382027553513400,1730382026221366699,1332146701
1730382027563030600,1730382026231482949,1331547651
1730382027573545200,1730382026241623152,1331922048
1730382027583543500,1730382026251749734,1331793766
1730382027593542900,1730382026261862245,1331680655
1730382027603557700,1730382026271973742,1331583958
1730382027613940800,1730382026282085344,1331855456
1730382027623942400,1730382026292199299,1331743101
1730382027634361800,1730382026302311641,1332050159
1730382027643780100,1730382026312424912,1331355188
1730382027654562600,1730382026322536708,1332025892
1730382027664423900,1730382026332648000,1331775900
1730382027674763200,1730382026342762612,1332000588
1730382027684843100,1730382026352876600,1331966500
1730382027694340100,1730382026363013354,1331326746
1730382027704373800,1730382026373124848,1331248952
1730382027715000700,1730382026383236484,1331764216
1730382027725089500,1730382026393348262,1331741238
1730382027734881000,1730382026403460912,1331420088
1730382027744879600,1730382026413571663,1331307937
1730382027754877700,1730382026423682636,1331195064
1730382027764873500,1730382026433797907,1331075593
1730382027775459300,1730382026443940478,1331518822
1730382027785460700,1730382026454051996,1331408704
1730382027796022600,1730382026464163915,1331858685
1730382027806019000,1730382026474274744,1331744256
1730382027816030500,1730382026484393512,1331636988
1730382027826025500,1730382026494521826,1331503674
1730382027836541000,1730382026504633156,1331907844
1730382027846541200,1730382026514744725,1331796475
1730382027856690300,1730382026524855439,1331834861
1730382027866687100,1730382026534966265,1331720835
1730382027876690500,1730382026545077386,1331613114
1730382027886684200,1730382026555190908,1331493292
1730382027896684500,1730382026565301505,1331382995
1730382027906680800,1730382026575412460,1331268340
1730382027917092800,1730382026585523901,1331568899
1730382027927602000,1730382026595635429,1331966571
1730382027937211600,1730382026605745882,1331465718
1730382027947531500,1730382026615857412,1331674088
1730382027957228200,1730382026625968710,1331259490
1730382027967083400,1730382026636102808,1330980592
1730382027977136000,1730382026646233097,1330902903
1730382027987716900,1730382026656345008,1331371892
1730382027998030500,1730382026666457090,1331573410
1730382028007680000,1730382026676577918,1331102082
1730382028017902500,1730382026686690153,1331212347
1730382028028247200,1730382026696799909,1331447291
1730382028038026200,1730382026706912501,1331113699
1730382028048767600,1730382026717024067,1331743533
1730382028058736300,1730382026727134354,1331601946
1730382028068970200,1730382026737244564,1331725636
1730382028078822100,1730382026747362375,1331459725
1730382028088743500,1730382026757516554,1331226946
1730382028099476700,1730382026767631044,1331845656
1730382028109157700,1730382026777744559,1331413141
1730382028119306200,1730382026787858039,1331448161
1730382028129640400,1730382026797971841,1331668559
1730382028139083000,1730382026808085296,1330997704
1730382028149516400,1730382026818198550,1331317850
1730382028159951100,1730382026828286858,1331664242
1730382028169710700,1730382026838404854,1331305846
1730382028179642300,1730382026848518352,1331123948
1730382028190466400,1730382026858632213,1331834187
1730382028200461400,1730382026868746388,1331715012
1730382028210459100,1730382026878860802,1331598298
1730382028220458400,1730382026888975154,1331483246
1730382028230652200,1730382026899088507,1331563693
1730382028240103600,1730382026909202562,1330901038
1730382028251124500,1730382026919315626,1331808874
1730382028260486600,1730382026929429153,1331057447
1730382028270796200,1730382026939547944,1331248256
1730382028281229000,1730382026949670865,1331558135
1730382028291562700,1730382026959782600,1331780100
1730382028301243800,1730382026969892827,1331350973
1730382028311037800,1730382026980003279,1331034521
1730382028321860200,1730382026990113012,1331747188
1730382028331744600,1730382027000223369,1331521231
1730382028341786000,1730382027010343488,1331442512
1730382028352325800,1730382027020458766,1331867034
1730382028361362800,1730382027030570147,1330792653
1730382028371689500,1730382027040696689,1330992811
1730382028382313400,1730382027050895540,1331417860
1730382028392977300,1730382027061153049,1331824251
1730382028403120500,1730382027071393485,1331727015
1730382028413115400,1730382027081584857,1331530543
1730382028423119200,1730382027091706713,1331412487
1730382028432630500,1730382027101825630,1330804870
1730382028442961200,1730382027111950958,1331010242
1730382028452964800,1730382027122062618,1330902182
1730382028462955400,1730382027132174144,1330781256
1730382028473395600,1730382027142288661,1331106939
1730382028483906600,1730382027152401511,1331505089
1730382028493907600,1730382027162513949,1331393651
1730382028504213200,1730382027172625127,1331588073
1730382028514209400,1730382027182735944,1331473456
1730382028524271500,1730382027192847359,1331424141
1730382028534305400,1730382027202961431,1331343969
1730382028544300900,1730382027213072589,1331228311
1730382028554300200,1730382027223183931,1331116269
1730382028564294300,1730382027233296458,1330997842
1730382028574506000,1730382027243415726,1331090274
1730382028584704200,1730382027253527060,1331177140
1730382028594569100,1730382027263639090,1330930010
1730382028605415200,1730382027273750858,1331664342
1730382028615293600,1730382027283862523,1331431077
1730382028625102400,1730382027293977267,1331125133
1730382028635762400,1730382027304089565,1331672835
1730382028645922400,1730382027314199744,1331722656
1730382028655080000,1730382027324283798,1330796202
1730382028665770300,1730382027334395436,1331374864
1730382028676332200,1730382027344506207,1331825993
1730382028686083700,1730382027354622720,1331460980
1730382028696240200,1730382027364767685,1331472515
1730382028705875400,1730382027374879523,1330995877
1730382028715747500,1730382027384991328,1330756172
1730382028726476200,1730382027395101815,1331374385
1730382028736456800,1730382027405212448,1331244352
1730382028746971800,1730382027415323128,1331648672
1730382028757061000,1730382027425433325,1331627675
1730382028767006400,1730382027435555183,1331451217
1730382028776784500,1730382027445703236,1331081264
1730382028787404700,1730382027455818367,1331586333
1730382028797524000,1730382027465931755,1331592245
1730382028807732000,1730382027476045885,1331686115
1730382028817849400,1730382027486166146,1331683254
1730382028827565300,1730382027496287700,1331277600
1730382028837645200,1730382027506399688,1331245512
1730382028847925300,1730382027516509965,1331415335
1730382028857960200,1730382027526626906,1331333294
1730382028868045300,1730382027536759134,1331286166
1730382028878078800,1730382027546878396,1331200404
1730382028888083300,1730382027556992490,1331090810
1730382028898319500,1730382027567103327,1331216173
1730382028908612400,1730382027577215118,1331397282
1730382028918604800,1730382027587326905,1331277895
1730382028928275200,1730382027597437942,1330837258
1730382028938783500,1730382027607548959,1331234541
1730382028948342200,1730382027617660588,1330681612
1730382028959338900,1730382027627779966,1331558934
1730382028969343100,1730382027637893478,1331449622
1730382028979333000,1730382027648005411,1331327589
1730382028989551600,1730382027658116583,1331435017
1730382028999548500,1730382027668226320,1331322180
1730382029009924000,1730382027678345707,1331578293
1730382029019533400,1730382027688455844,1331077556
1730382029029954000,1730382027698566302,1331387698
1730382029039377400,1730382027708676907,1330700493
1730382029050041100,1730382027718787684,1331253416
1730382029059550700,1730382027728898091,1330652609
1730382029070146100,1730382027739008509,1331137591
1730382029080157500,1730382027749119765,1331037735
1730382029090465800,1730382027759229185,1331236615
1730382029100459800,1730382027769338788,1331121012
1730382029110742900,1730382027779448772,1331294128
1730382029120751200,1730382027789558489,1331192711
1730382029129745700,1730382027799669092,1330076608
1730382029141193900,1730382027809778799,1331415101
1730382029151100500,1730382027819889134,1331211366
1730382029161112200,1730382027829999729,1331112471
1730382029171110000,1730382027840112590,1330997410
1730382029181678200,1730382027850222098,1331456102
1730382029191255900,1730382027860333549,1330922351
1730382029201688400,1730382027870444267,1331244133
1730382029211260800,1730382027880553931,1330706869
1730382029221877200,1730382027890665158,1331212042
1730382029231983500,1730382027900775435,1331208065
1730382029242152600,1730382027910885505,1331267095
1730382029252236800,1730382027920995716,1331241084
1730382029261625000,1730382027931106056,1330518944
1730382029272624400,1730382027941219015,1331405385
1730382029282540900,1730382027951330631,1331210269
1730382029292346100,1730382027961440565,1330905535
1730382029302538100,1730382027971550842,1330987258
1730382029312532600,1730382027981659879,1330872721
1730382029322840300,1730382027991781128,1331059172
1730382029333053600,1730382028001890429,1331163171
1730382029342692000,1730382028012001463,1330690537
1730382029352808500,1730382028022110627,1330697873
1730382029363386200,1730382028032220644,1331165556
1730382029373395400,1730382028042339155,1331056245
1730382029383376000,1730382028052415436,1330960564
1730382029393409800,1730382028062572358,1330837442
1730382029403407100,1730382028072717234,1330689866
1730382029414462400,1730382028082962743,1331499657
1730382029423847200,1730382028093157255,1330689945
1730382029433959200,1730382028103276692,1330682508
1730382029444576600,1730382028113394127,1331182473
1730382029454211800,1730382028123511364,1330700436
1730382029464822900,1730382028133629280,1331193620
1730382029475074800,1730382028143745816,1331328984
1730382029485393100,1730382028153859744,1331533356
1730382029495393600,1730382028163973372,1331420228
1730382029505015200,1730382028174085575,1330929625
1730382029515468100,1730382028184198326,1331269774
1730382029525468800,1730382028194311341,1331157459
1730382029535796700,1730382028204423060,1331373640
1730382029545219000,1730382028214535625,1330683375
1730382029555830100,1730382028224650071,1331180029
1730382029565950000,1730382028234768539,1331181461
1730382029575993200,1730382028244898631,1331094569
1730382029586281100,1730382028255011594,1331269506
1730382029596432700,1730382028265125114,1331307586
1730382029606396300,1730382028275236480,1331159820
1730382029615829700,1730382028285347978,1330481722
1730382029626733600,1730382028295460860,1331272740
1730382029636291600,1730382028305570800,1330720800
1730382029646932600,1730382028315683849,1331248751
1730382029656887300,1730382028325796087,1331091213
1730382029667039200,1730382028335908511,1331130689
1730382029677094300,1730382028346020089,1331074211
1730382029687017600,1730382028356146413,1330871187
1730382029697394100,1730382028366314738,1331079362
1730382029707547600,1730382028376429839,1331117761
1730382029717549800,1730382028386543625,1331006175
1730382029727192900,1730382028396660893,1330532007
1730382029737699800,1730382028406773014,1330926786
1730382029748234800,1730382028416886417,1331348383
1730382029757854500,1730382028427011595,1330842905
1730382029767364300,1730382028437180884,1330183416
1730382029778788500,1730382028447363648,1331424852
1730382029788591100,1730382028457477995,1331113105
1730382029798421300,1730382028467595367,1330825933
1730382029808417000,1730382028477707301,1330709699
1730382029818417700,1730382028487821719,1330595981
1730382029828487400,1730382028497940915,1330546485
1730382029838870100,1730382028508052032,1330818068
1730382029849169300,1730382028518162433,1331006867
1730382029859583700,1730382028528282252,1331301448
1730382029869586900,1730382028538393697,1331193203
1730382029879501200,1730382028548504265,1330996935
1730382029889080800,1730382028558616259,1330464541
1730382029899811100,1730382028568729210,1331081890
1730382029909624800,1730382028578841110,1330783690
1730382029919627700,1730382028588953788,1330673912
1730382029930130300,1730382028599065434,1331064866
1730382029939744200,1730382028609175930,1330568270
1730382029949740700,1730382028619286950,1330453750
1730382029960409800,1730382028629397890,1331011910
1730382029970054400,1730382028639512279,1330542121
1730382029980050800,1730382028649622241,1330428559
1730382029990555100,1730382028659733395,1330821705
1730382030000553000,1730382028669843642,1330709358
1730382030010679000,1730382028679956118,1330722882
1730382030021415500,1730382028690066797,1331348703
1730382030031352000,1730382028700178055,1331173945
1730382030040866400,1730382028710292262,1330574138
1730382030051377600,1730382028720412687,1330964913
1730382030061369800,1730382028730523767,1330846033
1730382030071036400,1730382028740634895,1330401505
1730382030081477100,1730382028750749913,1330727187
1730382030091985400,1730382028760880561,1331104839
1730382030101906000,1730382028771002668,1330903332
1730382030112107100,1730382028781113853,1330993247
1730382030121690600,1730382028791225183,1330465417
1730382030131790700,1730382028801336597,1330454103
1730382030141788100,1730382028811448189,1330339911
1730382030151847400,1730382028821559290,1330288110
1730382030162667500,1730382028831672434,1330995066
1730382030172709100,1730382028841786593,1330922507
1730382030182642300,1730382028851898833,1330743467
1730382030193114400,1730382028862009376,1331105024
1730382030202539500,1730382028872120699,1330418801
1730382030213140100,1730382028882232159,1330907941
1730382030222859400,1730382028892343425,1330515975
1730382030233169100,1730382028902454085,1330715015
1730382030242774400,1730382028912564734,1330209666
1730382030252954300,1730382028922675256,1330279044
1730382030263341000,1730382028932787175,1330553825
1730382030273563500,1730382028942898108,1330665392
1730382030284033900,1730382028953008862,1331025038
1730382030293807600,1730382028963119947,1330687653
1730382030303783000,1730382028973230103,1330552897
1730382030314203900,1730382028983341024,1330862876
1730382030324007800,1730382028993451762,1330556038
1730382030333517200,1730382029003562254,1329954946
1730382030344763300,1730382029013672710,1331090590
1730382030354758100,1730382029023783087,1330975013
1730382030364408200,1730382029033893027,1330515173
1730382030374472200,1730382029044005944,1330466256
1730382030385113500,1730382029054116352,1330997148
1730382030394737800,1730382029064226871,1330510929
1730382030404703100,1730382029074344545,1330358555
1730382030415360900,1730382029084455598,1330905302
1730382030424789600,1730382029094573912,1330215688
1730382030435428800,1730382029104689292,1330739508
1730382030445547400,1730382029114808712,1330738688
1730382030455148200,1730382029124930639,1330217561
1730382030465897900,1730382029135041848,1330856052
1730382030476180800,1730382029145152117,1331028683
1730382030485840200,1730382029155264346,1330575854
1730382030495481000,1730382029165375212,1330105788
1730382030506477400,1730382029175487004,1330990396
1730382030516377900,1730382029185597887,1330780013
1730382030526241000,1730382029195709301,1330531699
1730382030536749400,1730382029205819177,1330930223
1730382030546165700,1730382029215929696,1330236004
1730382030556227600,1730382029226039664,1330187936
1730382030566391900,1730382029236149926,1330241974
1730382030577107900,1730382029246261454,1330846446
1730382030587132000,1730382029256373429,1330758571
1730382030596872400,1730382029266483141,1330389259
1730382030607381100,1730382029276593390,1330787710
1730382030616765900,1730382029286705267,1330060633
1730382030627829700,1730382029296814584,1331015116
1730382030637816000,1730382029306924505,1330891495
1730382030647715000,1730382029317035003,1330679997
1730382030658115700,1730382029327144379,1330971321
1730382030668187000,1730382029337255089,1330931911
1730382030678111300,1730382029347365795,1330745505
1730382030688229600,1730382029357479306,1330750294
1730382030698070600,1730382029367619621,1330450979
1730382030708513700,1730382029377730365,1330783335
1730382030718286900,1730382029387840658,1330446242
1730382030727858200,1730382029397951077,1329907123
1730382030738834800,1730382029408062629,1330772171
1730382030747840300,1730382029418173086,1329667214
1730382030758427000,1730382029428289487,1330137513
1730382030769131000,1730382029438417111,1330713889
1730382030779279800,1730382029448564878,1330714922
1730382030789238500,1730382029458678821,1330559679
1730382030799100200,1730382029468793194,1330307006
1730382030809103000,1730382029478914540,1330188460
1730382030819730600,1730382029489038237,1330692363
1730382030829713200,1730382029499149135,1330564065
1730382030840194700,1730382029509260523,1330934177
1730382030849542500,1730382029519372097,1330170403
1730382030860225300,1730382029529482782,1330742518
1730382030870566400,1730382029539592389,1330974011
1730382030880258600,1730382029549703001,1330555599
1730382030890242600,1730382029559813084,1330429516
1730382030900850500,1730382029569924851,1330925649
1730382030910621600,1730382029580035845,1330585755
1730382030921001900,1730382029590145747,1330856153
1730382030930818300,1730382029600255673,1330562627
1730382030941342400,1730382029610376011,1330966389
1730382030951310200,1730382029620487579,1330822621
1730382030961204400,1730382029630605601,1330598799
1730382030971132900,1730382029640719289,1330413611
1730382030981518100,1730382029650830121,1330687979
1730382030991307000,1730382029660940687,1330366313
1730382031001677900,1730382029671052188,1330625712
1730382031011718700,1730382029681173130,1330545570
1730382031021616200,1730382029691283365,1330332835
1730382031031732500,1730382029701393133,1330339367
1730382031042136900,1730382029711503497,1330633403
1730382031052064400,1730382029721613412,1330450988
1730382031062161400,1730382029731724186,1330437214
1730382031072263300,1730382029741834564,1330428736
1730382031082591300,1730382029751944861,1330646439
1730382031092984900,1730382029762054435,1330930465
1730382031102980500,1730382029772164545,1330815955
1730382031112763400,1730382029782274454,1330488946
1730382031122766500,1730382029792385223,1330381277
1730382031132920500,1730382029802495868,1330424632
1730382031142930800,1730382029812606232,1330324568
1730382031153253700,1730382029822717281,1330536419
1730382031163077800,1730382029832828719,1330249081
1730382031173251000,1730382029842940739,1330310261
1730382031182935800,1730382029853051058,1329884742
1730382031193561600,1730382029863161178,1330400422
1730382031203593800,1730382029873271105,1330322695
1730382031213281700,1730382029883380786,1329900914
1730382031223624600,1730382029893490085,1330134515
1730382031234137100,1730382029903600562,1330536538
1730382031244240900,1730382029913711039,1330529861
1730382031254407500,1730382029923822195,1330585305
1730382031264405600,1730382029933933136,1330472464
1730382031274401200,1730382029944042946,1330358254
1730382031284398500,1730382029954152748,1330245752
1730382031294396300,1730382029964262505,1330133795
1730382031304390000,1730382029974380046,1330009954
1730382031314394700,1730382029984490227,1329904473
1730382031325121500,1730382029994599456,1330522044
1730382031335950800,1730382030004710425,1331240375
1730382031345400200,1730382030014820519,1330579681
1730382031355500100,1730382030024930600,1330569500
1730382031365243500,1730382030035041476,1330202024
1730382031375481300,1730382030045154478,1330326822
1730382031385644600,1730382030055264729,1330379871
1730382031395700100,1730382030065374889,1330325211
1730382031405959500,1730382030075485720,1330473780
1730382031416075300,1730382030085595690,1330479610
1730382031426121700,1730382030095706215,1330415485
1730382031435995000,1730382030105819999,1330175001
1730382031446412600,1730382030115940471,1330472129
1730382031456424100,1730382030126050452,1330373648
1730382031466144000,1730382030136161925,1329982075
1730382031476201000,1730382030146278329,1329922671
1730382031486194000,1730382030156389856,1329804144
1730382031497191600,1730382030166501345,1330690255
1730382031507079700,1730382030176612479,1330467221
1730382031517228600,1730382030186722615,1330505985
1730382031527252200,1730382030196834100,1330418100
1730382031537420400,1730382030206945401,1330474999
1730382031546916200,1730382030217055459,1329860741
1730382031557600100,1730382030227167670,1330432430
1730382031568253700,1730382030237278988,1330974712
1730382031577868000,1730382030247391309,1330476691
1730382031587787200,1730382030257501388,1330285812
1730382031597756100,1730382030267621031,1330135069
1730382031607570100,1730382030277732989,1329837111
1730382031617740100,1730382030287847602,1329892498
1730382031627756700,1730382030297958434,1329798266
1730382031638270500,1730382030308068968,1330201532
1730382031647920000,1730382030318179690,1329740310
1730382031658894000,1730382030328288088,1330605912
1730382031668940300,1730382030338399406,1330540894
1730382031679075400,1730382030348510057,1330565343
1730382031689313900,1730382030358628294,1330685606
1730382031698758600,1730382030368771803,1329986797
1730382031708948200,1730382030378883072,1330065128
1730382031719132300,1730382030388994520,1330137780
1730382031729200000,1730382030399104827,1330095173
1730382031739152100,1730382030409215042,1329937058
1730382031749486000,1730382030419325610,1330160390
1730382031759834900,1730382030429435277,1330399623
1730382031769447400,1730382030439560342,1329887058
1730382031780122200,1730382030449720598,1330401602
1730382031789723600,1730382030459833637,1329889963
1730382031800584500,1730382030469945259,1330639241
1730382031810625700,1730382030480061018,1330564682
1730382031819939800,1730382030490177882,1329761918
1730382031830695400,1730382030500283619,1330411781
1730382031840528700,1730382030510394138,1330134562
1730382031851126500,1730382030520505126,1330621374
1730382031861202900,1730382030530624812,1330578088
1730382031871046800,1730382030540735438,1330311362
1730382031881056500,1730382030550846082,1330210418
1730382031891251300,1730382030560956737,1330294563
1730382031901295500,1730382030571067059,1330228441
1730382031911496400,1730382030581177767,1330318633
1730382031920941000,1730382030591287727,1329653273
1730382031931688000,1730382030601397425,1330290575
1730382031941811100,1730382030611508041,1330303059
1730382031951692600,1730382030621617790,1330074810
1730382031962000300,1730382030631732486,1330267814
1730382031972411600,1730382030641854651,1330556949
1730382031981988500,1730382030651966181,1330022319
1730382031992411700,1730382030662077865,1330333835
1730382032002023500,1730382030672189463,1329834037
1730382032012633600,1730382030682300642,1330332958
1730382032022768200,1730382030692411257,1330356943
1730382032032675100,1730382030702521582,1330153518
1730382032042611600,1730382030712632038,1329979562
1730382032052993400,1730382030722741820,1330251580
1730382032062989200,1730382030732851805,1330137395
1730382032072986000,1730382030742961666,1330024334
1730382032083004900,1730382030753072151,1329932749
1730382032092726700,1730382030763182577,1329544123
1730382032103310500,1730382030773293208,1330017292
1730382032113664200,1730382030783402867,1330261333
1730382032124215100,1730382030793512670,1330702430
1730382032134244100,1730382030803623858,1330620242
1730382032144230800,1730382030813734685,1330496115
1730382032154352200,1730382030823845115,1330507085
1730382032164349200,1730382030833958236,1330390964
1730382032174530500,1730382030844080078,1330450422
1730382032184685700,1730382030854190638,1330495062
1730382032194272000,1730382030864285177,1329986823
1730382032204282700,1730382030874395237,1329887463
1730382032214304800,1730382030884505421,1329799379
1730382032224330000,1730382030894615851,1329714149
1730382032234919800,1730382030904726235,1330193565
1730382032244921600,1730382030914836412,1330085188
1730382032255529700,1730382030924946974,1330582726
1730382032265104900,1730382030935067053,1330037847
1730382032275101400,1730382030945179335,1329922065
1730382032284931800,1730382030955290076,1329641724
1730382032295686900,1730382030965401120,1330285780
1730382032305289800,1730382030975511086,1329778714
1730382032315593400,1730382030985621967,1329971433
1730382032325955000,1730382030995733257,1330221743
1730382032336026500,1730382031005843175,1330183325
1730382032345487100,1730382031015955975,1329531125
1730382032356491200,1730382031026067762,1330423438
1730382032366552600,1730382031036182186,1330370414
1730382032376464800,1730382031046303832,1330160968
1730382032386835100,1730382031056414673,1330420427
1730382032396832100,1730382031066526068,1330306032
1730382032406288600,1730382031076637355,1329651245
1730382032416289400,1730382031086748310,1329541090
1730382032427244800,1730382031096858983,1330385817
1730382032437146400,1730382031106972855,1330173545
1730382032447142600,1730382031117089407,1330053193
1730382032457408100,1730382031127201558,1330206542
1730382032467209800,1730382031137322586,1329887214
1730382032477507400,1730382031147433089,1330074311
1730382032487659100,1730382031157544162,1330114938
1730382032498014700,1730382031167656197,1330358503
1730382032507838100,1730382031177766354,1330071746
1730382032518154600,1730382031187877022,1330277578
1730382032528144100,1730382031197989049,1330155051
1730382032538131000,1730382031208100720,1330030280
1730382032548162900,1730382031218210964,1329951936
1730382032558349600,1730382031228285804,1330063796
1730382032568455100,1730382031238401911,1330053189
1730382032578671300,1730382031248525050,1330146250
1730382032588859600,1730382031258642190,1330217410
1730382032598857400,1730382031268756020,1330101380
1730382032608984000,1730382031278867636,1330116364
1730382032618981400,1730382031288981062,1330000338
1730382032628934600,1730382031299092304,1329842296
1730382032639659300,1730382031309202768,1330456532
1730382032649062100,1730382031319313255,1329748845
1730382032659058700,1730382031329423718,1329634982
1730382032669454900,1730382031339534216,1329920684
1730382032680185600,1730382031349684114,1330501486
1730382032690215200,1730382031359959088,1330256112
1730382032700214100,1730382031370223937,1329990163
1730382032710837800,1730382031380481220,1330356580
1730382032720839400,1730382031390664873,1330174527
1730382032730823400,1730382031400783977,1330039423
1730382032741271000,1730382031410899745,1330371255
1730382032751270100,1730382031421012677,1330257423
1730382032761075000,1730382031431135744,1329939256
1730382032771311300,1730382031441295547,1330015753
1730382032781388300,1730382031451461127,1329927173
1730382032791026000,1730382031461576383,1329449617
1730382032801170700,1730382031471690397,1329480303
1730382032811595800,1730382031481806942,1329788858
1730382032821730000,1730382031491929098,1329800902
1730382032831678300,1730382031502042173,1329636127
1730382032841722100,1730382031512155353,1329566747
1730382032852067600,1730382031522268205,1329799395
1730382032862064100,1730382031532380360,1329683740
1730382032871892300,1730382031542491333,1329400967
1730382032882367600,1730382031552604811,1329762789
1730382032892751300,1730382031562716055,1330035245
1730382032902183200,1730382031572827952,1329355248
1730382032913081600,1730382031582941775,1330139825
1730382032923298200,1730382031593053709,1330244491
1730382032933310400,1730382031603165002,1330145398
1730382032943028900,1730382031613277133,1329751767
1730382032953231100,1730382031623389694,1329841406
1730382032963369200,1730382031633511626,1329857574
1730382032973433600,1730382031643642376,1329791224
1730382032983619200,1730382031653762609,1329856591
1730382032993691000,1730382031663875052,1329815948
1730382033004132300,1730382031673986727,1330145573
1730382033014133000,1730382031684098679,1330034321
1730382033023885900,1730382031694209748,1329676152
1730382033034519000,1730382031704285589,1330233411
1730382033044523600,1730382031714401397,1330122203
1730382033054681300,1730382031724522185,1330159115
1730382033064311800,1730382031734634153,1329677647
1730382033074996600,1730382031744745091,1330251509
1730382033084701200,1730382031754857702,1329843498
1730382033095230400,1730382031764970382,1330260018
1730382033105156900,1730382031775081148,1330075752
1730382033115119700,1730382031785192763,1329926937
1730382033125393000,1730382031795304367,1330088633
1730382033135660000,1730382031805415034,1330244966
1730382033145679200,1730382031815525479,1330153721
1730382033155734900,1730382031825636191,1330098709
1730382033165760900,1730382031835750552,1330010348
1730382033175295300,1730382031845873260,1329422040
1730382033185954000,1730382031855985076,1329968924
1730382033195910200,1730382031866095865,1329814335
1730382033205896300,1730382031876206653,1329689647
1730382033216363500,1730382031886327363,1330036137
1730382033226366100,1730382031896438704,1329927396
1730382033236422900,1730382031906550449,1329872451
1730382033246638000,1730382031916661246,1329976754
1730382033255974700,1730382031926772321,1329202379
1730382033266413500,1730382031936883139,1329530361
1730382033276949400,1730382031946996777,1329952623
1730382033287070900,1730382031957112259,1329958641
1730382033296351900,1730382031967222887,1329129013
1730382033307349200,1730382031977334317,1330014883
1730382033316470800,1730382031987445563,1329025237
1730382033326876300,1730382031997555702,1329320598
1730382033337383200,1730382032007666807,1329716393
1730382033347811600,1730382032017777599,1330034001
1730382033357812000,1730382032027887910,1329924090
1730382033367803700,1730382032038002414,1329801286
1730382033377799900,1730382032048124695,1329675205
1730382033387795400,1730382032058235393,1329560007
1730382033398088000,1730382032068346226,1329741774
1730382033407628600,1730382032078455971,1329172629
1730382033417701300,1730382032088566741,1329134559
1730382033428206800,1730382032098677759,1329529041
1730382033438836900,1730382032108800755,1330036145
1730382033447900600,1730382032118917975,1328982625
1730382033458509200,1730382032129029324,1329479876
1730382033469011600,1730382032139140736,1329870864
1730382033479010300,1730382032149251274,1329759026
1730382033488949600,1730382032159364808,1329584792
1730382033498946200,1730382032169476392,1329469808
1730382033509105600,1730382032179588264,1329517336
1730382033519300500,1730382032189698445,1329602055
1730382033529464500,1730382032199809147,1329655353
1730382033539459700,1730382032209919089,1329540611
1730382033549456500,1730382032220029618,1329426882
1730382033559641300,1730382032230141398,1329499902
1730382033569758400,1730382032240255913,1329502487
1730382033579915700,1730382032250388955,1329526745
1730382033590147700,1730382032260500202,1329647498
1730382033600278100,1730382032270611685,1329666415
1730382033610007900,1730382032280723414,1329284486
1730382033620381700,1730382032290836842,1329544858
1730382033630420300,1730382032300947594,1329472706
1730382033640951000,1730382032311058195,1329892805
1730382033651039600,1730382032321171782,1329867818
1730382033660447200,1730382032331281978,1329165222
1730382033671059100,1730382032341394649,1329664451
1730382033681313700,1730382032351505399,1329808301
1730382033691224500,1730382032361627739,1329596761
1730382033701049600,1730382032371800945,1329248655
1730382033711713500,1730382032381942894,1329770606
1730382033721992000,1730382032392159241,1329832759
1730382033731980100,1730382032402273644,1329706456
1730382033742357500,1730382032412387150,1329970350
1730382033752245000,1730382032422499355,1329745645
1730382033762291300,1730382032432622132,1329669168
1730382033772299900,1730382032442784691,1329515209
1730382033782189100,1730382032452946574,1329242526
1730382033792978900,1730382032463060397,1329918503
1730382033802801800,1730382032473172662,1329629138
1730382033812532800,1730382032483288002,1329244798
1730382033823108700,1730382032493406800,1329701900
1730382033832776300,1730382032503518452,1329257848
1730382033842773300,1730382032513629029,1329144271
1730382033853642800,1730382032523747599,1329895201
1730382033863654400,1730382032533883205,1329771195
1730382033873386600,1730382032543999203,1329387397
1730382033883384400,1730382032554118241,1329266159
1730382033893393000,1730382032564229555,1329163445
1730382033903743600,1730382032574350892,1329392708
1730382033913989000,1730382032584463592,1329525408
1730382033924258800,1730382032594575841,1329682959
1730382033933744100,1730382032604688117,1329055983
1730382033944437800,1730382032614800177,1329637623
1730382033954447700,1730382032624911468,1329536232
1730382033964447500,1730382032635030166,1329417334
1730382033974750200,1730382032645158726,1329591474
1730382033984762100,1730382032655270196,1329491904
1730382033994951400,1730382032665391945,1329559455
1730382034004435200,1730382032675504216,1328930984
1730382034015134900,1730382032685615315,1329519585
1730382034025298400,1730382032695726305,1329572095
1730382034035438100,1730382032705839078,1329599022
1730382034045357200,1730382032715949956,1329407244
1730382034055828700,1730382032726062220,1329766480
1730382034065826800,1730382032736174821,1329651979
1730382034075138400,1730382032746286262,1328852138
1730382034085967300,1730382032756397940,1329569360
1730382034096077600,1730382032766509547,1329568053
1730382034105695600,1730382032776619769,1329075831
1730382034116080500,1730382032786730975,1329349525
1730382034126059600,1730382032796842404,1329217196
1730382034136772700,1730382032806953199,1329819501
1730382034145854400,1730382032817063975,1328790425
1730382034156267100,1730382032827175626,1329091474
1730382034166517400,1730382032837293725,1329223675
1730382034177096000,1730382032847418065,1329677935
1730382034186709600,1730382032857529685,1329179915
1730382034196720900,1730382032867641752,1329079148
1730382034206811400,1730382032877753069,1329058331
1730382034217250300,1730382032887863697,1329386603
1730382034227381100,1730382032897973717,1329407383
1730382034237443400,1730382032908084653,1329358747
1730382034247583800,1730382032918194210,1329389590
1730382034257576000,1730382032928288091,1329287909
1730382034267583200,1730382032938399968,1329183232
1730382034277571200,1730382032948510952,1329060248
1730382034287567500,1730382032958622200,1328945300
1730382034298129700,1730382032968733121,1329396579
1730382034308034300,1730382032978843177,1329191123
1730382034318471100,1730382032988953147,1329517953
1730382034328464300,1730382032999063073,1329401227
1730382034338826300,1730382033009174063,1329652237
1730382034348332800,1730382033019284938,1329047862
1730382034358651200,1730382033029395045,1329256155
1730382034368671100,1730382033039518650,1329152450
1730382034378662500,1730382033049638554,1329023946
1730382034388661800,1730382033059749189,1328912611
1730382034398658400,1730382033069858954,1328799446
1730382034409655400,1730382033079968995,1329686405
1730382034419611300,1730382033090078415,1329532885
1730382034429970400,1730382033100191928,1329778472
1730382034439101600,1730382033110308828,1328792772
1730382034450093400,1730382033120420028,1329673372
1730382034460090400,1730382033130540035,1329550365
1730382034470093700,1730382033140652192,1329441508
1730382034480089800,1730382033150770985,1329318815
1730382034490088100,1730382033160883051,1329205049
1730382034500721100,1730382033170993790,1329727310
1730382034510549400,1730382033181103904,1329445496
1730382034519966800,1730382033191216653,1328750147
1730382034530719800,1730382033201327588,1329392212
1730382034540768700,1730382033211438030,1329330670
1730382034550766300,1730382033221548733,1329217567
1730382034561133900,1730382033231658754,1329475146
1730382034570845800,1730382033241771587,1329074213
1730382034581314600,1730382033251895134,1329419466
1730382034591337900,1730382033262006083,1329331817
1730382034600708300,1730382033272115821,1328592479
1730382034611781700,1730382033282228365,1329553335
1730382034621715900,1730382033292341854,1329374046
1730382034631345200,1730382033302453036,1328892164
1730382034641947500,1730382033312563987,1329383513
1730382034651944800,1730382033322674160,1329270640
1730382034662113000,1730382033332785820,1329327180
1730382034671712400,1730382033342900819,1328811581
1730382034681945900,1730382033353011764,1328934136
1730382034693117000,1730382033363134954,1329982046
1730382034702648300,1730382033373319168,1329329132
1730382034712511800,1730382033383433848,1329077952
1730382034722515400,1730382033393545196,1328970204
1730382034733038300,1730382033403656875,1329381425
1730382034743318900,1730382033413767077,1329551823
1730382034753027400,1730382033423879262,1329148138
1730382034763528000,1730382033434002355,1329525645
1730382034773015300,1730382033444154522,1328860778
1730382034783056800,1730382033454295947,1328760853
1730382034794052300,1730382033464409188,1329643112
1730382034803542000,1730382033474524722,1329017278
1730382034813451000,1730382033484640430,1328810570
1730382034824094200,1730382033494759228,1329334972
1730382034833626800,1730382033504871636,1328755164
1730382034844311100,1730382033514983209,1329327891
1730382034854318600,1730382033525093878,1329224722
1730382034864352700,1730382033535207581,1329145119
1730382034874086600,1730382033545318457,1328768143
1730382034884089200,1730382033555429772,1328659428
1730382034894081600,1730382033565540676,1328540924
1730382034904660200,1730382033575653933,1329006267
1730382034915025300,1730382033585764776,1329260524
1730382034925398400,1730382033595875302,1329523098
1730382034935345800,1730382033605985431,1329360369
1730382034944688300,1730382033616099858,1328588442
1730382034955763400,1730382033626218851,1329544549
1730382034965223800,1730382033636289098,1328934702
1730382034975317000,1730382033646415878,1328901122
1730382034985312600,1730382033656526403,1328786197
1730382034995938400,1730382033666638282,1329300118
1730382035005998500,1730382033676748729,1329249771
1730382035016169300,1730382033686860126,1329309174
1730382035025716600,1730382033696971572,1328745028
1730382035035569000,1730382033707082911,1328486089
1730382035046492000,1730382033717195212,1329296788
1730382035056750000,1730382033727314755,1329435245
1730382035067033600,1730382033737425246,1329608354
1730382035076932600,1730382033747545146,1329387454
1730382035086853300,1730382033757691822,1329161478
1730382035097356000,1730382033767803156,1329552844
1730382035106894700,1730382033777914095,1328980605
1730382035117394900,1730382033788026131,1329368769
1730382035127478100,1730382033798137266,1329340834
1730382035137525200,1730382033808247080,1329278120
1730382035147405600,1730382033818368510,1329037090
1730382035157523700,1730382033828479939,1329043761
1730382035167777500,1730382033838596916,1329180584
1730382035177809500,1730382033848720528,1329088972
1730382035187771600,1730382033858831943,1328939657
1730382035198053200,1730382033868943145,1329110055
1730382035208070400,1730382033879054015,1329016385
1730382035218585600,1730382033889165430,1329420170
1730382035228537300,1730382033899275948,1329261352
1730382035238705000,1730382033909386616,1329318384
1730382035248634900,1730382033919497182,1329137718
1730382035259032000,1730382033929607129,1329424871
1730382035268869500,1730382033939717621,1329151879
1730382035278977300,1730382033949827944,1329149356
1730382035288993000,1730382033959938445,1329054555
1730382035299005400,1730382033970048677,1328956723
1730382035309511800,1730382033980159473,1329352327
1730382035319476500,1730382033990270408,1329206092
1730382035329478500,1730382034000381340,1329097160
1730382035339585600,1730382034010501501,1329084099
1730382035349975100,1730382034020612898,1329362202
1730382035359576800,1730382034030723714,1328853086
1730382035369952300,1730382034040838377,1329113923
1730382035379406700,1730382034050958850,1328447850
1730382035390484300,1730382034061069402,1329414898
1730382035400459900,1730382034071180767,1329279133
1730382035410479000,1730382034081291460,1329187540
1730382035420514100,1730382034091402294,1329111806
1730382035430882800,1730382034101516420,1329366380
1730382035440715400,1730382034111633504,1329081896
1730382035450521600,1730382034121743884,1328777716
1730382035460988500,1730382034131854404,1329134096
1730382035471045900,1730382034141964394,1329081506
1730382035481251000,1730382034152075019,1329175981
1730382035491226500,1730382034162185067,1329041433
1730382035500700000,1730382034172285146,1328414854
1730382035510957400,1730382034182395748,1328561652
1730382035521592100,1730382034192506616,1329085484
1730382035532111300,1730382034202616549,1329494751
1730382035542077200,1730382034212728015,1329349185
1730382035551561100,1730382034222839261,1328721839
1730382035562158400,1730382034232949712,1329208688
1730382035572333400,1730382034243063815,1329269585
1730382035582333200,1730382034253184747,1329148453
1730382035592370100,1730382034263294908,1329075192
1730382035602373400,1730382034273407379,1328966021
1730382035612643400,1730382034283519230,1329124170
1730382035622676900,1730382034293632234,1329044666
1730382035633069000,1730382034303744243,1329324757
1730382035643097300,1730382034313854486,1329242814
1730382035652901300,1730382034323964795,1328936505
1730382035662856700,1730382034334074360,1328782340
1730382035673504800,1730382034344186115,1329318685
1730382035682819400,1730382034354296072,1328523328
1730382035692937000,1730382034364416853,1328520147
1730382035702933100,1730382034374568559,1328364541
1730382035713693000,1730382034384680632,1329012368
1730382035722912900,1730382034394792380,1328120520
1730382035734370900,1730382034404903400,1329467500
1730382035743992100,1730382034415014305,1328977795
1730382035753995300,1730382034425125922,1328869378
1730382035763997200,1730382034435246574,1328750626
1730382035774324200,1730382034445391796,1328932404
1730382035784326200,1730382034455521358,1328804842
1730382035794369300,1730382034465632848,1328736452
1730382035804828600,1730382034475744138,1329084462
1730382035814922900,1730382034485859331,1329063569
1730382035824903800,1730382034495981740,1328922060
1730382035834925600,1730382034506092939,1328832661
1730382035845101700,1730382034516204179,1328897521
1730382035855341000,1730382034526316087,1329024913
1730382035864963300,1730382034536426497,1328536803
1730382035874751200,1730382034546537767,1328213433
1730382035885178200,1730382034556648576,1328529624
1730382035895692300,1730382034566758925,1328933375
1730382035905128300,1730382034576872200,1328256100
1730382035916146800,1730382034586983434,1329163366
1730382035926032500,1730382034597094283,1328938217
1730382035935647400,1730382034607204891,1328442509
1730382035945857900,1730382034617315700,1328542200
1730382035956366500,1730382034627427456,1328939044
1730382035965868400,1730382034637541999,1328326401
1730382035975862900,1730382034647663715,1328199185
1730382035986690600,1730382034657774555,1328916045
1730382035996461800,1730382034667885374,1328576426
1730382036006849800,1730382034677995948,1328853852
1730382036016629800,1730382034688106738,1328523062
1730382036027414600,1730382034698217317,1329197283
1730382036036707600,1730382034708289679,1328417921
1730382036047285800,1730382034718406232,1328879568
1730382036057387200,1730382034728520842,1328866358
1730382036067384300,1730382034738635119,1328749181
1730382036077659300,1730382034748750086,1328909214
1730382036087783400,1730382034758864959,1328918441
1730382036097922300,1730382034768979392,1328942908
1730382036108157400,1730382034779093289,1329064111
1730382036118162400,1730382034789207890,1328954510
1730382036128179300,1730382034799332360,1328846940
1730382036138226000,1730382034809447055,1328778945
1730382036148211900,1730382034819561613,1328650287
1730382036158537100,1730382034829675408,1328861692
1730382036168924000,1730382034839792378,1329131622
1730382036178710700,1730382034849914843,1328795857
1730382036188937900,1730382034860025946,1328911954
1730382036198941300,1730382034870146602,1328794698
1730382036209094400,1730382034880256659,1328837741
1730382036219201300,1730382034890376987,1328824313
1730382036229086400,1730382034900497131,1328589269
1730382036239378500,1730382034910608164,1328770336
1730382036248806200,1730382034920718657,1328087543
1730382036259279000,1730382034930828655,1328450345
1730382036269273700,1730382034940939854,1328333846
1730382036279272900,1730382034951050642,1328222258
1730382036290267800,1730382034961161049,1329106751
1730382036300265600,1730382034971270219,1328995381
1730382036310128900,1730382034981382005,1328746895
1730382036320303900,1730382034991492148,1328811752
1730382036329994100,1730382035001602368,1328391732
1730382036340512200,1730382035011713142,1328799058
1730382036350445900,1730382035021823180,1328622720
1730382036360748200,1730382035031933236,1328814964
1730382036371041300,1730382035042047435,1328993865
1730382036380975000,1730382035052168123,1328806877
1730382036391076100,1730382035062278508,1328797592
1730382036401073200,1730382035072388695,1328684505
1730382036411350300,1730382035082498502,1328851798
1730382036421695100,1730382035092608691,1329086409
1730382036431447500,1730382035102722343,1328725157
1730382036441743600,1730382035112839073,1328904527
1730382036451526900,1730382035122949738,1328577162
1730382036461797000,1730382035133060464,1328736536
1730382036471817000,1730382035143180240,1328636760
1730382036481464900,1730382035153290535,1328174365
1730382036492111400,1730382035163402274,1328709126
1730382036502044000,1730382035173519111,1328524889
1730382036512087300,1730382035183630925,1328456375
1730382036522713300,1730382035193741081,1328972219
1730382036531997400,1730382035203850730,1328146670
1730382036542596900,1730382035213960742,1328636158
1730382036552832800,1730382035224071887,1328760913
1730382036562868000,1730382035234184286,1328683714
1730382036573301200,1730382035244286569,1329014631
1730382036582817100,1730382035254408731,1328408369
1730382036593317400,1730382035264519210,1328798190
1730382036602917200,1730382035274630253,1328286947
1730382036613363200,1730382035284740884,1328622316
1730382036623378500,1730382035294853454,1328525046
1730382036633915100,1730382035304965048,1328950052
1730382036643890400,1730382035315076684,1328813716
1730382036653711600,1730382035325187601,1328523999
1730382036664153500,1730382035335300715,1328852785
1730382036674040100,1730382035345412099,1328628001
1730382036683522700,1730382035355524000,1327998700
1730382036694362500,1730382035365644637,1328717863
1730382036704723800,1730382035375794172,1328929628
1730382036714631400,1730382035385908873,1328722527
1730382036724752700,1730382035396030221,1328722479
1730382036734879800,1730382035406141642,1328738158
1730382036744120500,1730382035416252977,1327867523
1730382036754584900,1730382035426376457,1328208443
1730382036765113200,1730382035436498250,1328614950
1730382036775359300,1730382035446650904,1328708396
1730382036785409800,1730382035456780811,1328628989
1730382036795276000,1730382035466891252,1328384748
1730382036805617200,1730382035477002944,1328614256
1730382036815167900,1730382035487118686,1328049214
1730382036825853800,1730382035497239201,1328614599
1730382036836016900,1730382035507351589,1328665311
1730382036846086300,1730382035517462790,1328623510
1730382036856194400,1730382035527574785,1328619615
1730382036866300200,1730382035537685871,1328614329
1730382036876380900,1730382035547797534,1328583366
1730382036886799700,1730382035557908163,1328891537
1730382036896034900,1730382035568018082,1328016818
1730382036906711300,1730382035578128152,1328583148
1730382036916434700,1730382035588240972,1328193728
1730382036926900500,1730382035598359877,1328540623
1730382036936671300,1730382035608471076,1328200224
1730382036947253000,1730382035618582317,1328670683
1730382036957168200,1730382035628701832,1328466368
1730382036967082600,1730382035638816627,1328265973
1730382036977523800,1730382035648940330,1328583470
1730382036987853800,1730382035659051765,1328802035
1730382036997850700,1730382035669163115,1328687585
1730382037007637300,1730382035679273253,1328364047
1730382037018388300,1730382035689383814,1329004486
1730382037028127300,1730382035699494712,1328632588
1730382037037439500,1730382035709605128,1327834372
1730382037048526000,1730382035719715634,1328810366
1730382037058521100,1730382035729826147,1328694953
1730382037068417500,1730382035739937771,1328479729
1730382037077877700,1730382035750048339,1327829361
1730382037088631100,1730382035760159173,1328471927
1730382037098908200,1730382035770269654,1328638546
1730382037108964500,1730382035780380924,1328583576
1730382037118738100,1730382035790492085,1328246015
1730382037129353200,1730382035800602967,1328750233
1730382037139277800,1730382035810714477,1328563323
1730382037148708000,1730382035820825280,1327882720
1730382037159448500,1730382035830935813,1328512687
1730382037169106800,1730382035841050019,1328056781
1730382037179616700,1730382035851170008,1328446692
1730382037190055200,1730382035861280350,1328774850
1730382037200058500,1730382035871391131,1328667369
1730382037209972900,1730382035881501658,1328471242
1730382037220201700,1730382035891611640,1328590060
1730382037230206000,1730382035901721523,1328484477
1730382037240538700,1730382035911832970,1328705730
1730382037250571300,1730382035921944085,1328627215
1730382037260563500,1730382035932053977,1328509523
1730382037270546100,1730382035942163672,1328382428
1730382037280536900,1730382035952280619,1328256281
1730382037291048300,1730382035962391347,1328656953
1730382037300819200,1730382035972503164,1328316036
1730382037311306100,1730382035982614334,1328691766
1730382037320507500,1730382035992724661,1327782839
1730382037331619400,1730382036002835334,1328784066
1730382037340793000,1730382036012946395,1327846605
1730382037351408200,1730382036023056924,1328351276
1730382037360924300,1730382036033167500,1327756800
1730382037371758300,1730382036043281083,1328477217
1730382037381861100,1730382036053401062,1328460038
1730382037391901100,1730382036063513271,1328387829
1730382037401951600,1730382036073634096,1328317504
1730382037411997200,1730382036083744188,1328253012
1730382037422371400,1730382036093854308,1328517092
1730382037432352700,1730382036103967907,1328384793
1730382037442360800,1730382036114084817,1328275983
1730382037452400500,1730382036124195658,1328204842
1730382037462626500,1730382036134306748,1328319752
1730382037472804800,1730382036144417371,1328387429
1730382037482300200,1730382036154528537,1327771663
1730382037492737500,1730382036164638964,1328098536
1730382037503145600,1730382036174748823,1328396777
1730382037512705300,1730382036184859329,1327845971
